Fast_food,date,Charcuterie,Cheese,Cakes,Candy,Sausages,Cookies,Doughnuts,Hot_dogs,Energy_drinks,Ice_cream,Pastries,Pizza,Soft_drinks,Sports_drinks,Fast-food_restaurants,Alcoholic_drinks
280.14285714285717,2018-01-07,66.85714285714286,187.85714285714286,79.14285714285714,179.14285714285714,39.142857142857146,36.714285714285715,134.85714285714286,13.428571428571429,143.85714285714286,34.85714285714286,16.857142857142858,74.71428571428571,223.28571428571428,13.428571428571429,0.0,859.1428571428571
280.42857142857144,2018-01-14,71.42857142857143,189.14285714285714,75.71428571428572,179.28571428571428,43.714285714285715,35.0,136.57142857142856,12.857142857142858,154.71428571428572,34.714285714285715,20.285714285714285,88.85714285714286,197.85714285714286,14.714285714285714,0.0,849.8571428571428
280.5714285714286,2018-01-21,73.42857142857143,190.57142857142858,76.0,180.71428571428572,45.714285714285715,29.857142857142858,136.42857142857144,11.285714285714286,152.71428571428572,33.142857142857146,17.0,91.0,204.14285714285714,12.714285714285714,0.0,851.1428571428571
279.0,2018-01-28,72.85714285714286,188.0,79.28571428571429,177.85714285714286,45.142857142857146,25.0,137.42857142857144,10.285714285714286,146.85714285714286,34.57142857142857,17.857142857142858,81.0,200.14285714285714,11.428571428571429,0.0,839.2857142857142
275.5714285714286,2018-02-04,70.14285714285714,188.71428571428572,75.85714285714286,182.71428571428572,42.42857142857143,24.857142857142854,141.0,8.285714285714286,155.71428571428572,33.57142857142857,22.285714285714285,78.28571428571429,198.42857142857142,12.0,0.0,838.5714285714284
273.5714285714286,2018-02-11,71.71428571428572,184.71428571428572,81.71428571428572,179.42857142857144,44.0,24.285714285714285,141.42857142857144,8.857142857142858,146.57142857142858,33.85714285714286,21.714285714285715,88.14285714285714,198.71428571428572,12.714285714285714,0.0,853.5714285714284
274.42857142857144,2018-02-18,71.57142857142857,190.42857142857144,80.42857142857143,181.57142857142858,43.857142857142854,23.857142857142854,138.28571428571428,12.142857142857142,164.71428571428572,33.714285714285715,18.857142857142858,73.85714285714286,195.28571428571428,9.571428571428571,0.0,872.8571428571428
276.5714285714286,2018-02-25,73.14285714285714,188.71428571428572,82.57142857142857,181.57142857142858,45.42857142857143,19.857142857142854,136.42857142857144,13.428571428571429,160.42857142857144,34.285714285714285,22.571428571428573,87.85714285714286,202.85714285714286,16.0,0.0,861.2857142857142
270.0,2018-03-04,64.28571428571428,183.14285714285714,85.28571428571429,187.57142857142858,36.57142857142857,23.57142857142857,134.0,15.142857142857142,160.28571428571428,38.285714285714285,20.142857142857142,88.0,206.0,11.571428571428571,0.0,866.9999999999999
274.14285714285717,2018-03-11,68.14285714285714,180.71428571428572,82.14285714285714,183.14285714285714,40.42857142857143,24.857142857142854,146.0,16.857142857142858,166.28571428571428,40.142857142857146,17.428571428571427,86.85714285714286,200.85714285714286,13.142857142857142,0.0,863.1428571428571
272.7142857142857,2018-03-18,75.0,181.14285714285714,82.14285714285714,185.85714285714286,47.285714285714285,20.857142857142854,137.28571428571428,15.285714285714286,160.71428571428572,43.285714285714285,18.142857142857142,88.0,200.28571428571428,29.142857142857142,0.0,855.5714285714284
273.42857142857144,2018-03-25,70.0,189.0,86.42857142857143,182.71428571428572,42.285714285714285,20.142857142857142,138.14285714285714,15.714285714285714,162.0,46.714285714285715,19.142857142857142,85.0,209.14285714285714,12.285714285714286,0.0,856.5714285714284
270.5714285714286,2018-04-01,69.85714285714286,187.71428571428572,80.71428571428572,185.28571428571428,42.142857142857146,23.142857142857142,137.71428571428572,12.571428571428571,150.85714285714286,47.0,16.857142857142858,98.0,218.28571428571428,14.0,0.0,885.2857142857142
281.42857142857144,2018-04-08,76.71428571428572,184.85714285714286,81.14285714285714,188.71428571428572,49.0,23.42857142857143,130.85714285714286,8.285714285714286,171.14285714285714,48.57142857142857,15.714285714285715,97.42857142857143,213.14285714285714,17.0,0.0,858.4285714285713
274.7142857142857,2018-04-15,71.28571428571428,188.28571428571428,81.14285714285714,183.14285714285714,43.57142857142857,22.285714285714285,128.71428571428572,15.142857142857142,188.85714285714286,63.71428571428571,20.0,79.85714285714286,203.0,12.857142857142858,0.0,860.4285714285713
275.42857142857144,2018-04-22,70.28571428571428,190.57142857142858,78.28571428571429,184.14285714285714,42.57142857142857,20.714285714285715,132.14285714285714,15.0,159.14285714285714,63.14285714285714,15.0,80.28571428571429,205.42857142857142,13.285714285714286,0.0,863.8571428571428
269.0,2018-04-29,72.85714285714286,187.14285714285714,84.28571428571429,181.0,45.142857142857146,21.57142857142857,131.42857142857142,17.0,167.71428571428572,61.14285714285714,14.857142857142858,76.57142857142857,209.57142857142856,11.571428571428571,0.0,861.8571428571428
270.0,2018-05-06,77.71428571428572,174.28571428571428,83.85714285714286,181.28571428571428,50.0,21.285714285714285,135.28571428571428,21.857142857142858,156.57142857142858,63.14285714285714,14.285714285714285,74.14285714285714,208.28571428571428,13.285714285714286,0.0,858.4285714285713
273.28571428571433,2018-05-13,74.42857142857143,177.42857142857144,89.85714285714286,183.14285714285714,46.714285714285715,22.142857142857142,139.85714285714286,17.285714285714285,167.71428571428572,78.0,11.714285714285715,70.14285714285714,203.14285714285714,17.0,0.0,837.9999999999999
267.7142857142857,2018-05-20,74.57142857142857,178.28571428571428,81.85714285714286,179.28571428571428,46.857142857142854,19.0,132.57142857142858,15.714285714285714,160.0,72.28571428571429,17.714285714285715,67.57142857142857,208.14285714285714,23.0,0.0,842.8571428571428
265.28571428571433,2018-05-27,76.57142857142857,174.57142857142858,90.28571428571429,180.85714285714286,48.857142857142854,18.57142857142857,137.42857142857144,14.714285714285714,181.0,71.71428571428571,15.285714285714285,71.28571428571429,217.28571428571428,20.0,0.0,852.7142857142857
269.5714285714286,2018-06-03,70.0,175.85714285714286,108.71428571428572,183.28571428571428,42.285714285714285,21.57142857142857,128.42857142857142,12.714285714285714,159.57142857142858,74.57142857142857,15.857142857142858,64.71428571428571,215.57142857142856,20.142857142857142,0.0,852.9999999999999
267.42857142857144,2018-06-10,68.71428571428572,178.85714285714286,88.14285714285714,185.28571428571428,41.0,19.142857142857142,134.28571428571428,15.0,158.14285714285714,62.28571428571429,15.0,70.85714285714286,208.0,16.571428571428573,0.0,849.8571428571428
264.8571428571429,2018-06-17,75.0,176.71428571428572,81.85714285714286,185.57142857142858,47.285714285714285,19.42857142857143,133.71428571428572,11.571428571428571,154.0,66.14285714285714,16.714285714285715,65.42857142857143,213.57142857142856,17.428571428571427,0.0,853.2857142857142
271.7142857142857,2018-06-24,90.28571428571428,188.42857142857144,81.71428571428572,184.57142857142858,62.57142857142857,20.0,131.71428571428572,15.0,161.14285714285714,55.14285714285714,17.428571428571427,58.857142857142854,239.85714285714283,15.0,0.0,876.5714285714284
267.42857142857144,2018-07-01,69.28571428571428,175.71428571428572,81.14285714285714,183.42857142857144,41.57142857142857,21.42857142857143,136.71428571428572,14.142857142857142,201.42857142857144,55.285714285714285,23.857142857142858,65.57142857142857,219.85714285714286,19.142857142857142,0.0,838.4285714285713
266.5714285714286,2018-07-08,72.57142857142857,178.0,79.57142857142857,181.85714285714286,44.857142857142854,22.0,137.71428571428572,17.0,171.28571428571428,55.14285714285714,19.857142857142858,64.85714285714286,217.14285714285714,22.571428571428573,0.0,839.2857142857142
266.7142857142857,2018-07-15,74.14285714285714,175.28571428571428,76.57142857142857,184.42857142857144,46.42857142857143,21.57142857142857,139.0,19.142857142857142,146.0,59.14285714285714,17.285714285714285,96.71428571428571,238.85714285714283,32.57142857142857,0.0,837.7142857142857
262.42857142857144,2018-07-22,71.0,175.0,79.0,184.14285714285714,43.285714285714285,19.857142857142854,144.71428571428572,16.0,158.57142857142858,63.28571428571429,17.428571428571427,87.57142857142857,246.28571428571428,41.142857142857146,0.0,917.8571428571428
265.28571428571433,2018-07-29,70.14285714285714,182.42857142857144,76.57142857142857,181.14285714285714,42.42857142857143,19.285714285714285,148.0,14.714285714285714,165.0,60.85714285714286,16.571428571428573,84.85714285714286,243.0,42.42857142857143,0.0,843.2857142857142
272.5714285714286,2018-08-05,69.57142857142857,177.14285714285714,76.57142857142857,184.0,41.857142857142854,21.285714285714285,142.42857142857144,14.142857142857142,169.14285714285714,60.285714285714285,17.857142857142858,70.57142857142857,236.14285714285714,42.857142857142854,0.0,846.5714285714284
268.5714285714286,2018-08-12,62.0,181.71428571428572,79.42857142857143,184.57142857142858,34.285714285714285,19.0,140.85714285714286,11.142857142857142,162.14285714285714,50.42857142857143,14.0,69.42857142857143,219.0,23.857142857142858,0.0,852.9999999999999
275.42857142857144,2018-08-19,70.57142857142857,183.42857142857144,80.14285714285714,184.0,42.857142857142854,22.285714285714285,138.85714285714286,15.714285714285714,171.42857142857144,58.42857142857143,16.142857142857142,79.57142857142857,209.85714285714286,17.714285714285715,0.0,875.8571428571428
272.42857142857144,2018-08-26,69.57142857142857,182.14285714285714,78.0,186.0,41.857142857142854,22.57142857142857,133.0,13.142857142857142,184.71428571428572,48.714285714285715,16.714285714285715,83.14285714285714,200.71428571428572,15.571428571428571,0.0,875.7142857142857
273.8571428571429,2018-09-02,68.42857142857143,184.85714285714286,81.14285714285714,182.42857142857144,40.714285714285715,28.857142857142858,134.71428571428572,13.142857142857142,192.57142857142856,47.85714285714286,22.142857142857142,79.14285714285714,202.0,16.571428571428573,0.0,848.9999999999999
272.14285714285717,2018-09-09,73.42857142857143,180.71428571428572,79.71428571428572,180.85714285714286,45.714285714285715,29.428571428571427,136.71428571428572,18.571428571428573,174.42857142857144,47.14285714285714,18.285714285714285,77.85714285714286,207.42857142857142,15.714285714285714,0.0,844.8571428571428
266.7142857142857,2018-09-16,64.14285714285714,182.57142857142858,79.14285714285714,181.14285714285714,36.42857142857143,23.857142857142854,137.14285714285714,13.571428571428571,232.85714285714286,40.285714285714285,18.857142857142858,74.28571428571429,196.14285714285714,14.0,0.0,842.5714285714284
268.5714285714286,2018-09-23,68.85714285714286,183.14285714285714,81.85714285714286,183.28571428571428,41.142857142857146,28.285714285714285,133.42857142857142,14.857142857142858,172.14285714285714,40.57142857142857,16.428571428571427,77.28571428571429,195.71428571428572,14.428571428571429,0.0,840.9999999999999
270.8571428571429,2018-09-30,68.71428571428572,180.85714285714286,77.28571428571429,182.0,41.0,29.57142857142857,138.71428571428572,14.428571428571429,204.42857142857144,36.85714285714286,17.428571428571427,75.28571428571429,195.57142857142856,14.142857142857142,0.0,839.8571428571428
272.14285714285717,2018-10-07,64.42857142857143,179.42857142857144,80.0,182.14285714285714,36.714285714285715,36.714285714285715,134.28571428571428,17.571428571428573,212.14285714285714,36.42857142857143,20.857142857142858,76.0,195.0,10.571428571428571,0.0,857.1428571428571
273.8571428571429,2018-10-14,67.28571428571428,180.14285714285714,78.0,182.71428571428572,39.57142857142857,38.0,136.57142857142856,15.142857142857142,207.85714285714286,35.142857142857146,16.142857142857142,84.71428571428571,194.57142857142856,12.714285714285714,0.0,874.2857142857142
270.28571428571433,2018-10-21,63.714285714285715,180.28571428571428,78.85714285714286,181.57142857142858,36.0,53.0,132.42857142857142,13.714285714285714,174.71428571428572,33.714285714285715,18.428571428571427,90.85714285714286,200.57142857142856,11.857142857142858,0.0,841.4285714285713
274.8571428571429,2018-10-28,64.0,177.42857142857144,79.42857142857143,184.71428571428572,36.285714285714285,47.0,134.0,13.857142857142858,192.71428571428572,34.42857142857143,20.0,91.14285714285714,204.0,12.142857142857142,0.0,862.5714285714284
274.0,2018-11-04,67.28571428571428,183.57142857142858,78.85714285714286,183.85714285714286,39.57142857142857,56.28571428571429,137.42857142857144,16.142857142857142,173.28571428571428,34.57142857142857,17.714285714285715,92.14285714285714,191.85714285714286,13.714285714285714,0.0,895.5714285714284
282.7142857142857,2018-11-11,71.57142857142857,182.57142857142858,89.14285714285714,184.14285714285714,43.857142857142854,60.0,130.0,16.428571428571427,168.71428571428572,34.714285714285715,16.857142857142858,109.0,199.14285714285714,12.0,0.0,841.4285714285713
286.7142857142857,2018-11-18,72.28571428571428,179.14285714285714,77.85714285714286,183.85714285714286,44.57142857142857,78.28571428571428,129.42857142857142,13.857142857142858,164.42857142857144,34.0,14.857142857142858,110.0,200.85714285714286,14.428571428571429,0.0,857.5714285714284
286.7142857142857,2018-11-25,71.28571428571428,184.42857142857144,80.28571428571429,180.57142857142858,43.57142857142857,88.42857142857143,127.0,14.142857142857142,172.28571428571428,34.285714285714285,23.142857142857142,95.0,195.28571428571428,15.428571428571429,0.0,843.2857142857142
282.14285714285717,2018-12-02,70.28571428571428,190.85714285714286,80.14285714285714,180.14285714285714,42.57142857142857,134.28571428571428,137.28571428571428,11.857142857142858,164.14285714285714,34.57142857142857,18.857142857142858,95.28571428571429,196.85714285714286,15.0,0.0,845.7142857142857
278.42857142857144,2018-12-09,68.0,176.71428571428572,88.57142857142857,183.28571428571428,40.285714285714285,165.0,127.42857142857143,11.285714285714286,166.57142857142858,33.57142857142857,19.714285714285715,77.71428571428571,205.14285714285714,11.142857142857142,0.0,859.5714285714284
279.7142857142857,2018-12-16,75.71428571428572,182.0,77.0,181.28571428571428,48.0,192.28571428571428,140.0,10.714285714285714,159.28571428571428,34.85714285714286,16.571428571428573,88.14285714285714,202.14285714285714,11.428571428571429,0.0,867.9999999999999
266.28571428571433,2018-12-23,73.85714285714286,185.85714285714286,74.57142857142857,181.28571428571428,46.142857142857146,226.42857142857142,128.14285714285714,11.0,157.85714285714286,35.42857142857143,17.857142857142858,74.42857142857143,203.85714285714286,11.0,0.0,856.7142857142857
275.28571428571433,2018-12-30,66.42857142857143,183.14285714285714,77.42857142857143,179.42857142857144,38.714285714285715,95.14285714285714,124.71428571428572,15.428571428571429,149.85714285714286,34.85714285714286,16.142857142857142,81.14285714285714,222.14285714285714,10.142857142857142,0.0,877.7142857142857
285.5714285714286,2019-01-06,69.85714285714286,184.85714285714286,76.71428571428572,180.57142857142858,42.142857142857146,44.0,126.71428571428572,16.571428571428573,156.71428571428572,32.714285714285715,19.571428571428573,88.14285714285714,218.42857142857142,13.714285714285714,0.0,849.4285714285713
285.42857142857144,2019-01-13,73.85714285714286,194.57142857142858,75.28571428571429,183.57142857142858,46.142857142857146,32.0,135.71428571428572,14.571428571428571,158.28571428571428,37.57142857142857,18.285714285714285,90.42857142857143,202.85714285714286,11.285714285714286,0.0,849.4285714285713
275.7142857142857,2019-01-20,78.85714285714286,194.0,82.14285714285714,180.57142857142858,51.142857142857146,28.857142857142858,128.57142857142858,13.285714285714286,164.0,40.714285714285715,18.857142857142858,108.28571428571429,206.28571428571428,17.0,0.0,850.1428571428571
279.7142857142857,2019-01-27,81.42857142857143,189.57142857142858,79.14285714285714,181.42857142857144,53.714285714285715,25.0,130.57142857142858,17.714285714285715,156.0,35.85714285714286,19.714285714285715,104.0,204.71428571428572,13.857142857142858,0.0,856.4285714285713
279.14285714285717,2019-02-03,71.85714285714286,188.28571428571428,78.85714285714286,180.57142857142858,44.142857142857146,25.857142857142854,129.57142857142858,14.857142857142858,166.0,33.285714285714285,19.714285714285715,88.57142857142857,192.0,15.714285714285714,0.0,838.8571428571428
275.7142857142857,2019-02-10,86.85714285714286,182.28571428571428,77.85714285714286,179.85714285714286,59.142857142857146,26.0,135.28571428571428,10.714285714285714,167.57142857142858,35.0,18.0,101.14285714285714,195.42857142857142,12.857142857142858,0.0,864.9999999999999
275.8571428571429,2019-02-17,75.0,180.14285714285714,80.28571428571429,184.0,47.285714285714285,26.142857142857142,129.71428571428572,12.0,166.28571428571428,37.0,17.142857142857142,99.28571428571429,197.28571428571428,16.0,0.0,849.5714285714284
276.14285714285717,2019-02-24,71.42857142857143,188.0,79.57142857142857,183.85714285714286,43.714285714285715,21.714285714285715,135.14285714285714,12.0,163.42857142857144,36.142857142857146,17.714285714285715,89.57142857142857,193.0,14.142857142857142,0.0,856.4285714285713
275.8571428571429,2019-03-03,73.14285714285714,184.57142857142858,80.42857142857143,184.14285714285714,45.42857142857143,23.714285714285715,129.14285714285714,16.285714285714285,162.71428571428572,36.42857142857143,16.857142857142858,94.28571428571429,196.85714285714286,17.142857142857142,0.0,858.5714285714284
277.0,2019-03-10,75.85714285714286,188.57142857142858,81.85714285714286,182.85714285714286,48.142857142857146,25.0,127.14285714285714,12.428571428571429,164.71428571428572,40.285714285714285,18.571428571428573,97.0,198.28571428571428,16.142857142857142,0.0,848.8571428571428
278.5714285714286,2019-03-17,81.14285714285714,195.0,82.0,181.0,53.42857142857143,23.714285714285715,129.85714285714286,14.0,187.71428571428572,45.42857142857143,17.0,106.28571428571429,191.14285714285714,17.285714285714285,0.0,840.4285714285713
280.28571428571433,2019-03-24,72.71428571428572,192.71428571428572,90.85714285714286,186.28571428571428,45.0,21.285714285714285,137.57142857142856,18.571428571428573,176.28571428571428,46.0,16.142857142857142,100.42857142857143,203.14285714285714,17.857142857142858,0.0,844.2857142857142
277.42857142857144,2019-03-31,67.0,188.14285714285714,82.71428571428572,180.71428571428572,39.285714285714285,23.857142857142854,128.71428571428572,14.285714285714286,180.42857142857144,55.714285714285715,17.428571428571427,93.42857142857143,207.42857142857142,17.857142857142858,0.0,844.9999999999999
296.7142857142857,2019-04-07,79.42857142857143,190.85714285714286,84.42857142857143,181.85714285714286,51.714285714285715,21.57142857142857,132.57142857142858,19.428571428571427,170.42857142857144,57.0,20.142857142857142,86.71428571428571,208.0,22.0,0.0,846.1428571428571
274.7142857142857,2019-04-14,72.14285714285714,184.85714285714286,84.57142857142857,183.14285714285714,44.42857142857143,21.714285714285715,124.14285714285714,14.857142857142858,170.42857142857144,55.85714285714286,15.857142857142858,101.14285714285714,203.57142857142856,15.285714285714286,0.0,859.9999999999999
272.0,2019-04-21,80.42857142857143,183.42857142857144,83.71428571428572,182.42857142857144,52.714285714285715,20.57142857142857,122.14285714285714,14.142857142857142,154.57142857142858,53.85714285714286,17.285714285714285,68.57142857142857,216.42857142857142,12.142857142857142,0.0,858.4285714285713
271.8571428571429,2019-04-28,77.57142857142857,181.14285714285714,84.71428571428572,181.85714285714286,49.857142857142854,21.714285714285715,123.85714285714286,20.714285714285715,164.85714285714286,76.57142857142857,16.142857142857142,79.14285714285714,205.71428571428572,15.714285714285714,0.0,854.7142857142857
273.5714285714286,2019-05-05,83.28571428571428,178.85714285714286,87.28571428571429,182.28571428571428,55.57142857142857,19.714285714285715,126.14285714285714,18.142857142857142,153.71428571428572,66.14285714285714,17.0,66.71428571428571,218.57142857142856,14.285714285714286,0.0,843.5714285714284
269.8571428571429,2019-05-12,75.14285714285714,184.14285714285714,102.14285714285714,182.42857142857144,47.42857142857143,18.714285714285715,126.42857142857143,16.571428571428573,163.14285714285714,63.57142857142857,16.0,82.14285714285714,197.42857142857142,11.285714285714286,0.0,844.1428571428571
267.0,2019-05-19,70.28571428571428,182.0,86.57142857142857,180.57142857142858,42.57142857142857,18.857142857142858,126.85714285714286,15.0,155.71428571428572,69.71428571428571,16.571428571428573,81.28571428571429,209.71428571428572,19.142857142857142,0.0,822.4285714285713
271.28571428571433,2019-05-26,68.42857142857143,175.0,94.85714285714286,183.28571428571428,40.714285714285715,21.857142857142854,123.42857142857143,15.285714285714286,175.28571428571428,68.0,16.285714285714285,80.28571428571429,207.28571428571428,15.0,0.0,825.9999999999999
266.7142857142857,2019-06-02,67.28571428571428,176.71428571428572,112.14285714285714,184.14285714285714,39.57142857142857,22.142857142857142,127.0,16.285714285714285,160.85714285714286,62.71428571428571,14.142857142857142,71.14285714285714,204.71428571428572,15.0,0.0,827.9999999999999
262.8571428571429,2019-06-09,79.28571428571428,175.71428571428572,88.42857142857143,179.0,51.57142857142857,21.285714285714285,128.71428571428572,14.571428571428571,158.42857142857144,70.28571428571429,16.571428571428573,62.714285714285715,212.57142857142856,27.0,0.0,821.2857142857142
265.0,2019-06-16,71.28571428571428,181.14285714285714,86.57142857142857,181.28571428571428,43.57142857142857,23.142857142857142,124.14285714285714,12.0,150.71428571428572,83.0,16.428571428571427,72.57142857142857,214.14285714285714,14.285714285714286,0.0,826.2857142857142
266.0,2019-06-23,106.57142857142858,192.28571428571428,85.0,181.0,78.85714285714286,20.42857142857143,126.14285714285714,15.857142857142858,145.28571428571428,58.714285714285715,14.571428571428571,66.71428571428571,248.14285714285714,16.571428571428573,0.0,842.4285714285713
263.5714285714286,2019-06-30,74.85714285714286,181.14285714285714,84.71428571428572,182.42857142857144,47.142857142857146,17.857142857142858,128.0,16.857142857142858,173.0,64.28571428571429,16.714285714285715,64.42857142857143,219.14285714285714,16.857142857142858,0.0,835.7142857142857
262.7142857142857,2019-07-07,77.85714285714286,179.57142857142858,83.42857142857143,183.0,50.142857142857146,20.285714285714285,127.0,17.285714285714285,157.0,62.28571428571429,16.0,76.85714285714286,219.57142857142856,13.142857142857142,0.0,838.2857142857142
266.14285714285717,2019-07-14,72.14285714285714,181.28571428571428,82.85714285714286,181.57142857142858,44.42857142857143,20.42857142857143,134.28571428571428,11.428571428571429,158.85714285714286,62.57142857142857,19.571428571428573,69.0,212.14285714285714,15.428571428571429,0.0,838.2857142857142
275.5714285714286,2019-07-21,78.42857142857143,182.71428571428572,88.42857142857143,185.42857142857144,50.714285714285715,22.57142857142857,133.42857142857142,14.142857142857142,156.28571428571428,67.0,21.714285714285715,80.71428571428571,216.71428571428572,16.142857142857142,0.0,870.8571428571428
269.5714285714286,2019-07-28,77.0,179.0,80.0,181.85714285714286,49.285714285714285,19.57142857142857,138.28571428571428,14.142857142857142,170.57142857142858,63.57142857142857,20.0,69.42857142857143,230.14285714285714,38.285714285714285,0.0,839.4285714285713
274.8571428571429,2019-08-04,74.57142857142857,181.28571428571428,83.71428571428572,180.28571428571428,46.857142857142854,21.285714285714285,134.0,15.285714285714286,180.42857142857144,50.14285714285714,20.857142857142858,78.57142857142857,225.71428571428572,19.428571428571427,0.0,843.8571428571428
270.5714285714286,2019-08-11,78.14285714285714,177.28571428571428,83.57142857142857,182.57142857142858,50.42857142857143,21.857142857142854,129.14285714285714,12.571428571428571,164.57142857142858,58.85714285714286,24.71428571428571,75.28571428571429,214.71428571428572,17.857142857142858,0.0,841.8571428571428
275.14285714285717,2019-08-18,84.85714285714286,184.14285714285714,87.28571428571429,182.42857142857144,57.142857142857146,24.42857142857143,131.71428571428572,18.428571428571427,174.85714285714286,61.0,20.0,78.57142857142857,207.42857142857142,16.428571428571427,0.0,887.9999999999999
277.0,2019-08-25,81.14285714285714,186.57142857142858,82.42857142857143,184.28571428571428,53.42857142857143,22.142857142857142,132.28571428571428,16.857142857142858,163.42857142857144,51.57142857142857,16.428571428571427,85.57142857142857,205.0,18.142857142857142,0.0,887.8571428571428
272.14285714285717,2019-09-01,66.0,178.57142857142858,80.71428571428572,179.42857142857144,38.285714285714285,23.857142857142854,128.0,14.571428571428571,178.0,50.42857142857143,16.857142857142858,75.71428571428571,208.42857142857142,13.714285714285714,0.0,855.7142857142857
266.8571428571429,2019-09-08,69.42857142857143,181.57142857142858,79.71428571428572,178.14285714285714,41.714285714285715,23.57142857142857,127.42857142857143,10.571428571428571,163.28571428571428,43.714285714285715,15.857142857142858,78.71428571428571,197.57142857142856,16.0,0.0,855.8571428571428
267.7142857142857,2019-09-15,69.42857142857143,183.42857142857144,82.28571428571429,181.71428571428572,41.714285714285715,25.57142857142857,129.57142857142858,12.714285714285714,164.57142857142858,41.85714285714286,16.142857142857142,84.14285714285714,201.71428571428572,13.714285714285714,0.0,853.2857142857142
270.7142857142857,2019-09-22,69.57142857142857,181.14285714285714,80.0,180.85714285714286,41.857142857142854,25.42857142857143,131.57142857142858,10.714285714285714,170.14285714285714,37.42857142857143,15.428571428571427,87.14285714285714,202.71428571428572,13.142857142857142,0.0,842.1428571428571
271.8571428571429,2019-09-29,68.14285714285714,184.85714285714286,79.71428571428572,179.85714285714286,40.42857142857143,26.57142857142857,123.71428571428572,12.857142857142858,164.28571428571428,39.285714285714285,15.714285714285715,74.42857142857143,200.42857142857142,12.857142857142858,0.0,843.5714285714284
275.0,2019-10-06,69.85714285714286,180.42857142857144,78.28571428571429,180.71428571428572,42.142857142857146,32.14285714285714,127.0,11.714285714285714,163.71428571428572,33.714285714285715,14.285714285714285,75.85714285714286,204.85714285714286,12.571428571428571,0.0,862.7142857142857
270.8571428571429,2019-10-13,73.14285714285714,181.71428571428572,80.14285714285714,181.42857142857144,45.42857142857143,29.0,131.71428571428572,15.857142857142858,156.85714285714286,34.285714285714285,19.428571428571427,82.85714285714286,200.85714285714286,13.571428571428571,0.0,849.8571428571428
273.7142857142857,2019-10-20,69.28571428571428,180.71428571428572,79.42857142857143,181.0,41.57142857142857,39.57142857142857,124.71428571428572,9.857142857142858,181.71428571428572,36.142857142857146,20.142857142857142,75.71428571428571,199.14285714285714,14.857142857142858,0.0,849.2857142857142
274.0,2019-10-27,83.85714285714286,184.0,78.28571428571429,181.42857142857144,56.142857142857146,43.0,127.42857142857143,14.285714285714286,164.28571428571428,34.285714285714285,18.857142857142858,90.0,198.85714285714286,8.714285714285714,0.0,846.5714285714284
276.7142857142857,2019-11-03,81.14285714285714,181.28571428571428,79.57142857142857,179.71428571428572,53.42857142857143,51.28571428571429,128.42857142857142,13.857142857142858,160.28571428571428,34.57142857142857,16.142857142857142,102.57142857142857,197.14285714285714,13.285714285714286,0.0,838.7142857142857
276.5714285714286,2019-11-10,74.28571428571428,186.57142857142858,96.42857142857143,178.71428571428572,46.57142857142857,60.0,131.71428571428572,14.142857142857142,158.28571428571428,35.714285714285715,16.285714285714285,99.57142857142857,196.85714285714286,13.428571428571429,0.0,867.5714285714284
283.42857142857144,2019-11-17,70.14285714285714,183.71428571428572,85.14285714285714,180.0,42.42857142857143,88.42857142857143,129.57142857142858,11.571428571428571,174.57142857142858,36.0,15.428571428571427,99.42857142857143,196.14285714285714,13.428571428571429,0.0,842.2857142857142
282.14285714285717,2019-11-24,76.14285714285714,179.42857142857144,80.42857142857143,180.28571428571428,48.42857142857143,120.28571428571428,128.42857142857142,12.0,171.0,34.57142857142857,13.714285714285715,94.71428571428571,198.14285714285714,12.285714285714286,0.0,850.8571428571428
279.8571428571429,2019-12-01,74.0,182.14285714285714,81.14285714285714,181.0,46.285714285714285,150.14285714285714,128.71428571428572,12.285714285714286,164.57142857142858,32.85714285714286,16.571428571428573,228.71428571428572,195.14285714285714,12.571428571428571,0.0,835.1428571428571
273.5714285714286,2019-12-08,73.71428571428572,181.71428571428572,93.0,182.0,46.0,170.85714285714286,126.85714285714286,10.428571428571429,157.28571428571428,33.42857142857143,15.428571428571427,82.57142857142857,204.85714285714286,13.714285714285714,0.0,847.5714285714284
274.7142857142857,2019-12-15,77.28571428571428,184.42857142857144,81.28571428571429,182.57142857142858,49.57142857142857,191.71428571428572,129.57142857142858,14.0,180.28571428571428,35.142857142857146,15.428571428571427,84.28571428571429,200.42857142857142,14.285714285714286,0.0,873.5714285714284
272.7142857142857,2019-12-22,74.14285714285714,186.0,86.71428571428572,181.42857142857144,46.42857142857143,230.28571428571428,126.14285714285714,15.142857142857142,159.71428571428572,37.42857142857143,14.428571428571429,62.285714285714285,198.71428571428572,14.0,0.0,849.9999999999999
273.14285714285717,2019-12-29,67.57142857142857,189.14285714285714,88.28571428571429,181.14285714285714,39.857142857142854,91.85714285714285,131.28571428571428,32.0,152.28571428571428,37.57142857142857,14.714285714285715,76.85714285714286,225.57142857142856,15.285714285714286,0.0,874.4285714285713
280.7142857142857,2020-01-05,75.28571428571428,187.28571428571428,89.28571428571429,181.42857142857144,47.57142857142857,50.71428571428571,129.14285714285714,21.714285714285715,152.28571428571428,45.14285714285714,19.142857142857142,243.28571428571428,235.28571428571428,20.857142857142858,0.0,858.4285714285713
274.0,2020-01-12,84.28571428571428,191.57142857142858,83.0,180.0,56.57142857142857,40.285714285714285,125.14285714285714,20.285714285714285,156.14285714285714,38.142857142857146,16.428571428571427,99.14285714285714,210.57142857142856,21.571428571428573,0.0,840.2857142857142
281.0,2020-01-19,74.57142857142857,198.57142857142858,86.57142857142857,181.0,46.857142857142854,33.0,128.28571428571428,13.0,160.14285714285714,38.285714285714285,17.428571428571427,120.14285714285714,200.14285714285714,15.571428571428571,0.0,857.2857142857142
282.0,2020-01-26,74.0,194.57142857142858,88.42857142857143,185.14285714285714,46.285714285714285,29.428571428571427,130.85714285714286,15.285714285714286,162.57142857142858,39.42857142857143,17.571428571428573,113.57142857142857,200.57142857142856,20.714285714285715,0.0,842.5714285714284
279.14285714285717,2020-02-02,80.0,192.71428571428572,85.14285714285714,183.14285714285714,52.285714285714285,31.142857142857142,125.85714285714286,21.857142857142858,169.0,37.42857142857143,21.142857142857142,110.14285714285714,201.14285714285714,19.428571428571427,0.0,839.4285714285713
278.7142857142857,2020-02-09,75.57142857142857,185.71428571428572,81.0,181.0,47.857142857142854,31.857142857142858,125.71428571428572,15.0,163.57142857142858,37.714285714285715,16.714285714285715,113.57142857142857,193.85714285714286,20.714285714285715,0.0,834.1428571428571
284.5714285714286,2020-02-16,73.0,184.57142857142858,81.85714285714286,183.14285714285714,45.285714285714285,34.14285714285714,136.0,17.857142857142858,172.42857142857144,39.0,16.714285714285715,88.57142857142857,196.85714285714286,19.142857142857142,0.0,832.2857142857142
275.28571428571433,2020-02-23,251.42857142857144,191.14285714285714,82.57142857142857,181.85714285714286,223.71428571428572,24.714285714285715,128.42857142857142,14.0,188.85714285714286,39.142857142857146,16.571428571428573,87.42857142857143,202.14285714285714,16.428571428571427,0.0,849.1428571428571
288.28571428571433,2020-03-01,80.71428571428572,184.71428571428572,82.28571428571429,185.14285714285714,53.0,24.42857142857143,124.28571428571428,14.428571428571429,175.28571428571428,37.85714285714286,15.571428571428573,81.85714285714286,200.71428571428572,16.0,0.0,847.1428571428571
278.42857142857144,2020-03-08,84.57142857142857,189.28571428571428,79.0,181.42857142857144,56.857142857142854,23.57142857142857,125.0,17.428571428571427,176.0,43.85714285714286,15.714285714285715,82.14285714285714,205.28571428571428,17.428571428571427,0.0,844.2857142857142
276.5714285714286,2020-03-15,79.85714285714286,176.14285714285714,79.42857142857143,179.0,52.142857142857146,22.42857142857143,129.57142857142858,17.142857142857142,173.42857142857144,44.85714285714286,16.0,94.28571428571429,213.85714285714286,11.571428571428571,0.0,834.5714285714284
272.5714285714286,2020-03-22,84.42857142857143,175.14285714285714,78.42857142857143,179.28571428571428,56.714285714285715,24.857142857142854,126.28571428571428,15.428571428571429,157.14285714285714,43.285714285714285,16.571428571428573,90.57142857142857,256.1428571428571,8.714285714285714,0.0,839.7142857142857
279.8571428571429,2020-03-29,85.57142857142857,180.14285714285714,79.42857142857143,178.28571428571428,57.857142857142854,29.285714285714285,134.85714285714286,15.571428571428571,151.14285714285714,60.42857142857143,19.714285714285715,100.85714285714286,263.57142857142856,9.0,0.0,853.9999999999999
280.28571428571433,2020-04-05,82.71428571428572,186.14285714285714,83.14285714285714,180.0,55.0,28.0,126.14285714285714,13.142857142857142,161.85714285714286,65.71428571428571,19.428571428571427,109.28571428571429,236.14285714285714,10.428571428571429,0.0,880.4285714285713
277.0,2020-04-12,114.28571428571428,194.28571428571428,85.85714285714286,180.57142857142858,86.57142857142857,26.0,129.28571428571428,19.285714285714285,160.42857142857144,65.0,22.285714285714285,93.0,240.28571428571428,9.714285714285714,0.0,879.1428571428571
284.28571428571433,2020-04-19,95.28571428571428,191.57142857142858,95.14285714285714,181.14285714285714,67.57142857142857,26.714285714285715,129.28571428571428,14.0,159.14285714285714,74.85714285714286,19.857142857142858,99.71428571428571,223.85714285714283,12.857142857142858,0.0,882.2857142857142
282.5714285714286,2020-04-26,87.14285714285714,185.42857142857144,91.42857142857143,180.14285714285714,59.42857142857143,25.57142857142857,133.71428571428572,17.428571428571427,163.85714285714286,87.42857142857143,20.714285714285715,83.14285714285714,222.85714285714283,15.0,0.0,884.7142857142857
285.8571428571429,2020-05-03,91.85714285714286,192.14285714285714,85.71428571428572,180.14285714285714,64.14285714285714,27.142857142857142,135.85714285714286,30.857142857142858,158.42857142857144,82.0,17.714285714285715,91.85714285714286,230.85714285714283,13.285714285714286,0.0,879.2857142857142
281.5714285714286,2020-05-10,94.57142857142858,187.57142857142858,105.28571428571428,183.42857142857144,66.85714285714286,24.857142857142854,132.28571428571428,20.571428571428573,162.71428571428572,80.0,43.285714285714285,90.0,207.85714285714286,14.0,0.0,864.1428571428571
277.28571428571433,2020-05-17,104.0,192.85714285714286,94.0,181.85714285714286,76.28571428571429,23.57142857142857,127.85714285714286,27.857142857142858,167.71428571428572,80.0,26.71428571428571,93.71428571428571,208.57142857142856,16.285714285714285,0.0,858.4285714285713
275.42857142857144,2020-05-24,100.85714285714286,186.85714285714286,85.85714285714286,181.0,73.14285714285714,23.714285714285715,129.57142857142858,22.285714285714285,166.42857142857144,71.0,30.71428571428571,87.14285714285714,226.0,17.0,0.0,851.5714285714284
272.42857142857144,2020-05-31,96.57142857142858,186.42857142857144,99.57142857142858,179.42857142857144,68.85714285714286,23.857142857142854,127.85714285714286,18.571428571428573,171.0,72.14285714285714,20.285714285714285,77.85714285714286,209.14285714285714,18.428571428571427,0.0,847.7142857142857
271.42857142857144,2020-06-07,92.42857142857142,175.42857142857144,79.57142857142857,179.42857142857144,64.71428571428571,21.0,133.42857142857142,19.285714285714285,162.57142857142858,68.0,16.0,64.42857142857143,209.85714285714286,17.571428571428573,0.0,833.8571428571428
267.7142857142857,2020-06-14,79.42857142857143,175.28571428571428,79.42857142857143,178.85714285714286,51.714285714285715,19.714285714285715,127.42857142857143,17.714285714285715,161.14285714285714,75.28571428571429,17.714285714285715,57.57142857142857,217.28571428571428,26.285714285714285,0.0,849.1428571428571
268.7142857142857,2020-06-21,95.71428571428572,186.0,83.85714285714286,180.57142857142858,68.0,21.714285714285715,125.28571428571428,18.0,153.0,59.85714285714286,14.285714285714285,54.0,235.14285714285714,25.285714285714285,0.0,840.2857142857142
266.14285714285717,2020-06-28,86.0,176.42857142857144,86.42857142857143,180.0,58.285714285714285,21.42857142857143,129.0,20.857142857142858,145.14285714285714,69.57142857142857,17.142857142857142,64.85714285714286,220.42857142857144,43.142857142857146,0.0,828.1428571428571
268.5714285714286,2020-07-05,76.14285714285714,184.57142857142858,92.0,176.85714285714286,48.42857142857143,22.857142857142854,127.42857142857143,21.571428571428573,185.57142857142856,68.28571428571429,18.428571428571427,66.71428571428571,227.28571428571428,17.714285714285715,0.0,840.4285714285713
273.28571428571433,2020-07-12,106.0,184.85714285714286,91.57142857142857,182.71428571428572,78.28571428571429,25.57142857142857,131.57142857142858,22.428571428571427,288.14285714285717,63.42857142857143,18.0,69.42857142857143,219.42857142857142,17.857142857142858,0.0,835.2857142857142
271.14285714285717,2020-07-19,80.71428571428572,184.14285714285714,89.57142857142857,177.42857142857144,53.0,23.285714285714285,135.0,21.285714285714285,181.85714285714286,60.0,17.428571428571427,71.71428571428571,226.14285714285714,21.142857142857142,0.0,834.4285714285713
273.8571428571429,2020-07-26,84.14285714285714,190.0,91.14285714285714,179.0,56.42857142857143,21.285714285714285,136.71428571428572,28.0,198.28571428571428,56.85714285714286,15.857142857142858,71.14285714285714,222.28571428571428,20.0,0.0,835.7142857142857
271.7142857142857,2020-08-02,78.28571428571428,181.57142857142858,93.57142857142857,180.0,50.57142857142857,25.285714285714285,136.57142857142856,22.142857142857142,176.0,57.285714285714285,16.285714285714285,73.14285714285714,228.42857142857144,21.142857142857142,0.0,829.2857142857142
267.8571428571429,2020-08-09,67.57142857142857,175.57142857142858,87.57142857142857,179.42857142857144,39.857142857142854,22.57142857142857,127.28571428571428,17.571428571428573,184.14285714285714,56.14285714285714,16.285714285714285,69.85714285714286,215.14285714285714,20.142857142857142,0.0,832.4285714285713
266.8571428571429,2020-08-16,70.14285714285714,176.0,91.28571428571429,178.14285714285714,42.42857142857143,19.0,131.28571428571428,16.428571428571427,188.0,56.57142857142857,15.285714285714285,60.0,207.42857142857142,23.142857142857142,0.0,829.2857142857142
268.14285714285717,2020-08-23,70.28571428571428,179.42857142857144,90.14285714285714,179.14285714285714,42.57142857142857,19.857142857142854,126.85714285714286,14.714285714285714,191.42857142857144,56.714285714285715,17.142857142857142,72.42857142857143,203.71428571428572,20.285714285714285,0.0,839.2857142857142
273.14285714285717,2020-08-30,72.28571428571428,173.85714285714286,96.0,178.71428571428572,44.57142857142857,22.714285714285715,127.0,15.428571428571429,175.14285714285714,46.57142857142857,17.0,68.42857142857143,205.14285714285714,16.714285714285715,0.0,851.7142857142857
276.28571428571433,2020-09-06,82.71428571428572,178.14285714285714,91.28571428571429,179.14285714285714,55.0,22.142857142857142,124.28571428571428,17.571428571428573,187.28571428571428,43.0,15.0,83.42857142857143,201.71428571428572,20.714285714285715,0.0,838.9999999999999
273.0,2020-09-13,75.71428571428572,183.14285714285714,82.42857142857143,178.57142857142858,48.0,25.0,126.0,15.714285714285714,188.14285714285714,42.714285714285715,16.571428571428573,70.57142857142857,194.57142857142856,14.428571428571429,0.0,843.9999999999999
275.7142857142857,2020-09-20,68.85714285714286,172.14285714285714,87.14285714285714,177.28571428571428,41.142857142857146,26.142857142857142,133.14285714285714,18.142857142857142,176.28571428571428,37.85714285714286,19.285714285714285,78.57142857142857,196.14285714285714,16.857142857142858,0.0,832.4285714285713
273.42857142857144,2020-09-27,72.42857142857143,174.0,86.71428571428572,179.28571428571428,44.714285714285715,22.142857142857142,130.85714285714286,15.857142857142858,165.14285714285714,37.42857142857143,15.857142857142858,87.0,193.85714285714286,20.142857142857142,0.0,829.7142857142857
282.0,2020-10-04,76.42857142857143,174.85714285714286,87.14285714285714,179.28571428571428,48.714285714285715,29.857142857142858,132.14285714285714,14.714285714285714,176.42857142857144,36.0,16.428571428571427,82.14285714285714,196.0,18.714285714285715,0.0,836.2857142857142
278.14285714285717,2020-10-11,71.85714285714286,175.28571428571428,84.42857142857143,179.28571428571428,44.142857142857146,30.714285714285715,124.85714285714286,14.428571428571429,179.28571428571428,36.85714285714286,14.142857142857142,63.42857142857143,190.71428571428572,14.285714285714286,0.0,822.9999999999999
277.14285714285717,2020-10-18,87.42857142857143,178.57142857142858,87.14285714285714,180.28571428571428,59.714285714285715,33.14285714285714,132.85714285714286,17.714285714285715,166.57142857142858,37.57142857142857,15.714285714285715,65.14285714285714,197.57142857142856,13.571428571428571,0.0,822.8571428571428
282.42857142857144,2020-10-25,190.85714285714286,175.0,86.14285714285714,177.85714285714286,163.14285714285714,39.285714285714285,126.42857142857143,12.857142857142858,184.28571428571428,37.142857142857146,16.285714285714285,99.85714285714286,192.28571428571428,13.0,0.0,855.8571428571428
284.8571428571429,2020-11-01,72.14285714285714,170.57142857142858,87.57142857142857,180.14285714285714,44.42857142857143,43.28571428571429,124.71428571428572,12.857142857142858,167.42857142857144,35.285714285714285,16.0,70.28571428571429,194.42857142857142,14.714285714285714,0.0,836.7142857142857
284.42857142857144,2020-11-08,74.14285714285714,177.42857142857144,115.42857142857143,178.71428571428572,46.42857142857143,53.28571428571429,130.28571428571428,16.571428571428573,181.71428571428572,35.85714285714286,17.428571428571427,74.42857142857143,193.85714285714286,14.714285714285714,0.0,829.9999999999999
287.7142857142857,2020-11-15,71.57142857142857,175.14285714285714,89.85714285714286,179.28571428571428,43.857142857142854,62.28571428571429,130.42857142857142,15.714285714285714,176.85714285714286,42.85714285714286,17.0,103.28571428571429,200.71428571428572,13.0,0.0,832.2857142857142
280.0,2020-11-22,69.28571428571428,177.57142857142858,92.85714285714286,180.71428571428572,41.57142857142857,78.0,123.14285714285714,19.285714285714285,164.57142857142858,36.285714285714285,18.857142857142858,70.71428571428571,196.0,12.714285714285714,0.0,847.1428571428571
280.5714285714286,2020-11-29,74.14285714285714,177.57142857142858,87.42857142857143,179.14285714285714,46.42857142857143,127.42857142857143,124.71428571428572,17.142857142857142,186.71428571428572,37.0,30.285714285714285,78.42857142857143,192.85714285714286,10.571428571428571,0.0,833.4285714285713
286.14285714285717,2020-12-06,65.85714285714286,176.42857142857144,91.85714285714286,178.85714285714286,38.142857142857146,176.0,124.57142857142857,13.428571428571429,178.0,33.85714285714286,28.285714285714285,71.57142857142857,199.42857142857142,10.142857142857142,0.0,828.9999999999999
277.7142857142857,2020-12-13,67.85714285714286,183.85714285714286,83.42857142857143,182.14285714285714,40.142857142857146,207.28571428571428,128.85714285714286,13.714285714285714,199.28571428571428,34.42857142857143,14.857142857142858,71.42857142857143,192.71428571428572,12.857142857142858,0.0,849.5714285714284
275.0,2020-12-20,71.57142857142857,176.57142857142858,82.42857142857143,179.42857142857144,43.857142857142854,244.85714285714286,121.14285714285714,15.142857142857142,191.0,34.85714285714286,17.0,78.71428571428571,198.85714285714286,11.0,0.0,869.5714285714284
267.42857142857144,2020-12-27,61.142857142857146,192.85714285714286,83.28571428571429,178.57142857142858,33.42857142857143,150.0,118.71428571428571,12.714285714285714,174.14285714285714,33.714285714285715,13.285714285714285,55.714285714285715,211.71428571428572,4.571428571428571,0.0,860.8571428571428
299.14285714285717,2021-01-03,67.71428571428572,172.14285714285714,83.42857142857143,179.57142857142858,40.0,49.57142857142857,120.85714285714286,24.857142857142858,152.85714285714286,32.85714285714286,14.571428571428571,72.57142857142857,222.71428571428572,10.571428571428571,0.0,837.7142857142857
287.5714285714286,2021-01-10,65.28571428571428,175.71428571428572,82.28571428571429,178.85714285714286,37.57142857142857,38.714285714285715,123.0,16.0,157.71428571428572,33.85714285714286,16.142857142857142,73.28571428571429,201.28571428571428,11.571428571428571,0.0,827.1428571428571
278.42857142857144,2021-01-17,69.57142857142857,179.42857142857144,88.85714285714286,178.85714285714286,41.857142857142854,33.0,128.0,16.428571428571427,157.85714285714286,34.714285714285715,15.714285714285715,71.57142857142857,198.0,9.285714285714286,0.0,835.4285714285713
287.8571428571429,2021-01-24,74.28571428571428,180.57142857142858,87.42857142857143,179.28571428571428,46.57142857142857,24.714285714285715,128.85714285714286,16.571428571428573,170.28571428571428,35.42857142857143,18.857142857142858,91.42857142857143,204.0,12.285714285714286,0.0,835.1428571428571
286.42857142857144,2021-01-31,73.57142857142857,183.71428571428572,85.57142857142857,178.85714285714286,45.857142857142854,32.85714285714286,129.42857142857142,19.0,162.71428571428572,38.285714285714285,17.571428571428573,95.28571428571429,195.14285714285714,14.714285714285714,0.0,833.8571428571428
282.7142857142857,2021-02-07,72.71428571428572,175.42857142857144,85.71428571428572,181.0,45.0,36.714285714285715,128.42857142857142,16.428571428571427,155.57142857142858,39.285714285714285,17.142857142857142,88.28571428571429,197.57142857142856,13.571428571428571,0.0,825.7142857142857
277.7142857142857,2021-02-14,70.0,182.42857142857144,80.85714285714286,180.42857142857144,42.285714285714285,28.57142857142857,127.14285714285714,16.857142857142858,156.85714285714286,35.0,17.0,87.42857142857143,193.85714285714286,14.714285714285714,0.0,834.2857142857142
279.42857142857144,2021-02-21,83.42857142857143,177.85714285714286,76.28571428571429,180.14285714285714,55.714285714285715,28.714285714285715,130.71428571428572,18.571428571428573,169.85714285714286,37.85714285714286,15.142857142857142,100.85714285714286,196.42857142857142,13.428571428571429,0.0,854.5714285714284
281.28571428571433,2021-02-28,71.14285714285714,189.14285714285714,77.85714285714286,181.85714285714286,43.42857142857143,23.0,124.57142857142857,13.714285714285714,161.0,39.0,15.714285714285715,94.42857142857143,197.0,14.142857142857142,0.0,835.5714285714284
281.0,2021-03-07,72.57142857142857,181.42857142857144,76.0,180.28571428571428,44.857142857142854,41.85714285714286,128.28571428571428,16.571428571428573,162.0,39.142857142857146,18.857142857142858,114.28571428571429,198.57142857142856,14.142857142857142,0.0,861.8571428571428
284.42857142857144,2021-03-14,93.28571428571428,175.57142857142858,77.57142857142857,181.14285714285714,65.57142857142857,22.857142857142854,129.42857142857142,17.142857142857142,171.71428571428572,55.285714285714285,14.714285714285715,92.85714285714286,198.57142857142856,14.714285714285714,0.0,853.4285714285713
279.42857142857144,2021-03-21,85.0,177.71428571428572,75.57142857142857,179.42857142857144,57.285714285714285,23.285714285714285,132.28571428571428,20.714285714285715,180.71428571428572,48.85714285714286,18.571428571428573,100.28571428571429,193.14285714285714,16.857142857142858,0.0,842.4285714285713
282.42857142857144,2021-03-28,90.28571428571428,182.0,78.71428571428572,180.57142857142858,62.57142857142857,23.285714285714285,126.0,19.285714285714285,203.71428571428572,69.0,17.285714285714285,89.14285714285714,204.57142857142856,16.285714285714285,0.0,855.5714285714284
277.0,2021-04-04,75.71428571428572,180.14285714285714,86.28571428571429,181.0,48.0,22.285714285714285,125.0,15.285714285714286,185.28571428571428,60.14285714285714,16.571428571428573,75.14285714285714,209.14285714285714,15.142857142857142,0.0,845.7142857142857
283.28571428571433,2021-04-11,80.0,175.71428571428572,76.85714285714286,180.28571428571428,52.285714285714285,21.42857142857143,124.28571428571428,17.285714285714285,173.42857142857144,71.85714285714286,16.571428571428573,90.71428571428571,196.28571428571428,13.0,0.0,839.2857142857142
272.14285714285717,2021-04-18,93.0,181.42857142857144,82.85714285714286,179.0,65.28571428571429,21.0,126.57142857142857,19.142857142857142,181.71428571428572,80.0,17.571428571428573,94.71428571428571,196.0,17.0,0.0,833.1428571428571
278.5714285714286,2021-04-25,113.57142857142858,173.28571428571428,81.0,180.85714285714286,85.85714285714286,23.0,123.42857142857143,20.571428571428573,173.57142857142858,65.0,19.571428571428573,80.14285714285714,200.28571428571428,15.0,0.0,850.9999999999999
278.7142857142857,2021-05-02,125.28571428571428,169.57142857142858,82.57142857142857,179.57142857142858,97.57142857142857,24.0,127.85714285714286,25.142857142857142,173.85714285714286,65.71428571428571,16.428571428571427,84.14285714285714,207.71428571428572,14.714285714285714,0.0,850.1428571428571
276.5714285714286,2021-05-09,107.85714285714286,172.42857142857144,98.42857142857143,177.85714285714286,80.14285714285714,18.857142857142858,124.42857142857143,16.857142857142858,171.14285714285714,65.28571428571429,18.0,89.57142857142857,196.28571428571428,15.285714285714286,0.0,877.5714285714284
273.5714285714286,2021-05-16,98.57142857142858,169.28571428571428,83.14285714285714,179.71428571428572,70.85714285714286,22.0,121.85714285714286,20.142857142857142,162.57142857142858,80.85714285714286,16.142857142857142,76.57142857142857,202.42857142857142,20.428571428571427,0.0,830.2857142857142
274.42857142857144,2021-05-23,102.42857142857142,170.28571428571428,84.0,179.42857142857144,74.71428571428571,24.714285714285715,130.85714285714286,14.571428571428571,177.42857142857144,92.85714285714286,17.285714285714285,84.14285714285714,199.14285714285714,14.0,0.0,829.7142857142857
274.28571428571433,2021-05-30,101.0,169.85714285714286,85.0,180.57142857142858,73.28571428571429,19.42857142857143,123.0,15.428571428571429,155.14285714285714,57.714285714285715,18.0,83.14285714285714,196.85714285714286,15.857142857142858,0.0,823.8571428571428
273.0,2021-06-06,83.42857142857143,165.85714285714286,95.42857142857143,182.42857142857144,55.714285714285715,18.57142857142857,121.28571428571428,15.428571428571429,167.0,62.42857142857143,18.0,65.28571428571429,200.0,24.142857142857142,0.0,810.8571428571428
267.8571428571429,2021-06-13,94.14285714285714,168.0,86.14285714285714,178.71428571428572,66.42857142857143,19.714285714285715,118.71428571428571,13.0,163.71428571428572,66.57142857142857,16.428571428571427,55.57142857142857,198.14285714285714,22.571428571428573,0.0,813.8571428571428
265.0,2021-06-20,85.71428571428572,167.85714285714286,85.42857142857143,180.57142857142858,58.0,19.42857142857143,121.28571428571428,17.714285714285715,176.28571428571428,61.42857142857143,18.0,58.857142857142854,203.42857142857142,27.142857142857142,0.0,821.8571428571428
265.14285714285717,2021-06-27,106.85714285714286,183.85714285714286,86.0,180.0,79.14285714285714,21.0,121.57142857142857,19.571428571428573,196.42857142857144,57.42857142857143,17.857142857142858,66.42857142857143,250.57142857142856,30.285714285714285,0.0,821.2857142857142
269.0,2021-07-04,76.85714285714286,168.85714285714286,80.42857142857143,179.42857142857144,49.142857142857146,20.142857142857142,118.85714285714286,15.857142857142858,190.14285714285714,59.714285714285715,19.571428571428573,73.28571428571429,221.71428571428572,33.285714285714285,0.0,808.5714285714284
266.8571428571429,2021-07-11,73.85714285714286,168.57142857142858,81.14285714285714,178.57142857142858,46.142857142857146,21.0,125.14285714285714,17.285714285714285,172.71428571428572,60.714285714285715,18.428571428571427,75.57142857142857,223.14285714285714,38.0,0.0,817.2857142857142
268.7142857142857,2021-07-18,74.71428571428572,164.85714285714286,78.28571428571429,180.85714285714286,47.0,21.42857142857143,122.42857142857143,18.0,173.0,55.85714285714286,17.571428571428573,80.71428571428571,229.0,39.57142857142857,0.0,820.2857142857142
268.5714285714286,2021-07-25,67.42857142857143,170.14285714285714,83.14285714285714,178.28571428571428,39.714285714285715,22.42857142857143,127.85714285714286,15.857142857142858,164.14285714285714,58.85714285714286,17.142857142857142,70.42857142857143,218.71428571428572,17.285714285714285,0.0,823.4285714285713
274.7142857142857,2021-08-01,77.0,169.28571428571428,79.71428571428572,179.14285714285714,49.285714285714285,34.85714285714286,125.85714285714286,16.0,175.57142857142858,55.0,18.0,77.57142857142857,218.85714285714286,18.714285714285715,0.0,818.9999999999999
269.42857142857144,2021-08-08,68.0,169.85714285714286,81.71428571428572,180.28571428571428,40.285714285714285,21.285714285714285,129.71428571428572,17.428571428571427,162.85714285714286,55.42857142857143,21.0,90.42857142857143,208.14285714285714,14.285714285714286,0.0,823.5714285714284
273.28571428571433,2021-08-15,66.28571428571428,173.28571428571428,80.42857142857143,179.71428571428572,38.57142857142857,21.42857142857143,134.57142857142858,16.0,165.14285714285714,51.57142857142857,21.571428571428573,79.57142857142857,210.85714285714286,14.714285714285714,0.0,823.4285714285713
272.14285714285717,2021-08-22,77.57142857142857,171.57142857142858,78.0,179.42857142857144,49.857142857142854,22.0,128.14285714285714,15.0,163.85714285714286,61.85714285714286,20.714285714285715,87.85714285714286,203.71428571428572,17.714285714285715,0.0,835.2857142857142
275.42857142857144,2021-08-29,65.14285714285714,177.42857142857144,76.57142857142857,178.28571428571428,37.42857142857143,28.428571428571427,127.57142857142857,18.571428571428573,183.42857142857144,45.42857142857143,16.714285714285715,97.85714285714286,199.85714285714286,14.0,0.0,844.8571428571428
269.5714285714286,2021-09-05,63.85714285714286,173.28571428571428,75.42857142857143,179.28571428571428,36.142857142857146,26.57142857142857,125.14285714285714,13.428571428571429,179.85714285714286,39.42857142857143,32.285714285714285,76.57142857142857,207.85714285714286,13.428571428571429,0.0,834.9999999999999
271.7142857142857,2021-09-12,69.71428571428572,175.0,73.28571428571429,177.85714285714286,42.0,24.285714285714285,125.28571428571428,19.142857142857142,198.0,40.285714285714285,19.714285714285715,81.85714285714286,201.42857142857142,13.285714285714286,0.0,826.8571428571428
271.7142857142857,2021-09-19,66.0,173.28571428571428,75.57142857142857,182.0,38.285714285714285,25.42857142857143,126.0,15.571428571428571,178.0,41.142857142857146,22.285714285714285,78.71428571428571,200.0,12.857142857142858,0.0,829.2857142857142
275.5714285714286,2021-09-26,66.28571428571428,169.57142857142858,77.28571428571429,181.57142857142858,38.57142857142857,30.142857142857142,124.0,21.285714285714285,169.71428571428572,41.285714285714285,18.285714285714285,82.42857142857143,197.0,14.0,0.0,823.9999999999999
272.8571428571429,2021-10-03,69.71428571428572,168.57142857142858,77.57142857142857,178.28571428571428,42.0,33.714285714285715,121.57142857142857,16.857142857142858,163.85714285714286,36.57142857142857,22.142857142857142,73.42857142857143,194.14285714285714,15.285714285714286,0.0,829.2857142857142
273.28571428571433,2021-10-10,83.71428571428572,167.28571428571428,78.85714285714286,179.71428571428572,56.0,31.857142857142858,125.28571428571428,18.285714285714285,184.85714285714286,33.42857142857143,18.142857142857142,78.14285714285714,210.71428571428572,16.428571428571427,0.0,818.8571428571428
273.0,2021-10-17,69.57142857142857,170.57142857142858,77.42857142857143,178.85714285714286,41.857142857142854,36.714285714285715,123.71428571428572,15.714285714285714,177.14285714285714,33.57142857142857,23.0,80.85714285714286,218.28571428571428,13.428571428571429,0.0,857.2857142857142
274.8571428571429,2021-10-24,79.71428571428572,176.14285714285714,79.57142857142857,182.28571428571428,52.0,36.85714285714286,124.85714285714286,17.0,179.57142857142856,34.42857142857143,19.714285714285715,76.71428571428571,204.71428571428572,19.857142857142858,0.0,817.5714285714284
273.8571428571429,2021-10-31,71.57142857142857,174.42857142857144,75.42857142857143,183.42857142857144,43.857142857142854,37.714285714285715,122.57142857142857,18.142857142857142,167.57142857142858,35.85714285714286,18.285714285714285,95.71428571428571,202.57142857142856,10.714285714285714,0.0,826.7142857142857
282.28571428571433,2021-11-07,71.28571428571428,171.85714285714286,76.14285714285714,181.28571428571428,43.57142857142857,45.85714285714286,124.42857142857143,22.857142857142858,180.71428571428572,34.57142857142857,18.714285714285715,87.71428571428571,198.28571428571428,14.714285714285714,0.0,826.7142857142857
274.0,2021-11-14,63.714285714285715,176.14285714285714,87.57142857142857,178.14285714285714,36.0,55.57142857142857,122.42857142857143,16.142857142857142,176.28571428571428,36.0,17.857142857142858,86.28571428571429,191.57142857142856,12.285714285714286,0.0,834.9999999999999
283.5714285714286,2021-11-21,62.285714285714285,172.85714285714286,78.14285714285714,179.85714285714286,34.57142857142857,70.42857142857143,120.42857142857143,17.857142857142858,168.28571428571428,35.42857142857143,18.142857142857142,84.28571428571429,188.57142857142856,13.0,0.0,834.2857142857142
274.42857142857144,2021-11-28,67.14285714285714,169.57142857142858,74.14285714285714,179.14285714285714,39.42857142857143,89.42857142857143,126.71428571428572,17.428571428571427,167.14285714285714,34.142857142857146,16.571428571428573,82.0,187.57142857142856,9.428571428571429,0.0,822.2857142857142
270.8571428571429,2021-12-05,68.28571428571428,169.71428571428572,75.42857142857143,179.71428571428572,40.57142857142857,137.57142857142858,123.85714285714286,13.857142857142858,174.14285714285714,36.142857142857146,16.428571428571427,70.42857142857143,190.28571428571428,9.428571428571429,0.0,818.5714285714284
272.0,2021-12-12,65.71428571428572,167.28571428571428,73.28571428571429,180.85714285714286,38.0,166.28571428571428,128.0,14.857142857142858,218.42857142857144,32.0,15.285714285714285,231.28571428571428,193.28571428571428,9.571428571428571,0.0,828.8571428571428
269.7142857142857,2021-12-19,59.42857142857143,172.0,73.85714285714286,178.57142857142858,31.714285714285715,193.14285714285714,121.42857142857143,14.0,215.0,35.42857142857143,21.285714285714285,89.14285714285714,203.85714285714286,11.428571428571429,0.0,839.5714285714284
265.28571428571433,2021-12-26,56.714285714285715,207.57142857142858,76.71428571428572,179.14285714285714,29.0,166.0,122.28571428571428,16.0,167.28571428571428,33.0,16.428571428571427,65.14285714285714,203.0,10.0,0.0,844.2857142857142
289.42857142857144,2022-01-02,65.71428571428572,176.0,76.57142857142857,176.57142857142858,38.0,53.28571428571429,124.57142857142857,32.714285714285715,159.42857142857144,38.85714285714286,16.571428571428573,80.42857142857143,220.42857142857144,12.428571428571429,0.0,833.4285714285713
285.8571428571429,2022-01-09,70.14285714285714,175.71428571428572,75.85714285714286,179.57142857142858,42.42857142857143,41.14285714285714,132.28571428571428,21.571428571428573,162.57142857142858,35.714285714285715,27.857142857142858,84.42857142857143,211.0,15.571428571428571,0.0,824.8571428571428
280.14285714285717,2022-01-16,75.14285714285714,175.28571428571428,76.71428571428572,180.42857142857144,47.42857142857143,34.57142857142857,128.42857142857142,19.0,163.71428571428572,38.42857142857143,19.857142857142858,95.71428571428571,214.0,16.571428571428573,0.0,849.8571428571428
285.0,2022-01-23,63.714285714285715,176.57142857142858,78.0,177.14285714285714,36.0,29.142857142857142,127.28571428571428,17.857142857142858,166.85714285714286,40.142857142857146,20.142857142857142,102.14285714285714,203.57142857142856,13.285714285714286,0.0,848.9999999999999
274.14285714285717,2022-01-30,65.85714285714286,175.57142857142858,74.0,181.42857142857144,38.142857142857146,28.285714285714285,139.71428571428572,18.714285714285715,161.14285714285714,37.57142857142857,18.142857142857142,120.28571428571429,195.28571428571428,15.428571428571429,0.0,839.7142857142857
276.7142857142857,2022-02-06,59.42857142857143,173.85714285714286,76.0,183.14285714285714,31.714285714285715,25.857142857142854,128.42857142857142,17.285714285714285,172.42857142857144,36.57142857142857,17.285714285714285,116.57142857142857,206.28571428571428,13.428571428571429,0.0,827.4285714285713
276.0,2022-02-13,60.85714285714286,176.57142857142858,74.85714285714286,178.71428571428572,33.142857142857146,29.857142857142858,126.14285714285714,18.285714285714285,174.28571428571428,39.0,20.142857142857142,96.0,197.14285714285714,19.714285714285715,0.0,829.1428571428571
274.5714285714286,2022-02-20,60.285714285714285,174.0,75.14285714285714,182.0,32.57142857142857,26.42857142857143,127.57142857142857,17.0,170.85714285714286,35.57142857142857,17.285714285714285,80.42857142857143,192.85714285714286,17.428571428571427,0.0,846.4285714285713
275.28571428571433,2022-02-27,62.42857142857143,172.0,74.0,179.28571428571428,34.714285714285715,26.142857142857142,122.14285714285714,17.428571428571427,167.71428571428572,34.85714285714286,17.428571428571427,80.42857142857143,195.42857142857142,15.428571428571429,0.0,839.5714285714284
271.0,2022-03-06,61.714285714285715,168.71428571428572,75.71428571428572,179.42857142857144,34.0,25.285714285714285,123.0,16.571428571428573,156.85714285714286,38.0,19.428571428571427,96.71428571428571,192.57142857142856,14.285714285714286,0.0,826.7142857142857
275.5714285714286,2022-03-13,67.71428571428572,177.71428571428572,75.0,179.57142857142858,40.0,24.142857142857142,123.14285714285714,27.142857142857142,160.71428571428572,42.42857142857143,16.428571428571427,97.42857142857143,187.14285714285714,16.0,0.0,825.4285714285713
279.5714285714286,2022-03-20,66.42857142857143,172.57142857142858,79.85714285714286,179.71428571428572,38.714285714285715,21.714285714285715,123.42857142857143,17.857142857142858,182.0,54.42857142857143,16.285714285714285,116.85714285714286,196.71428571428572,18.428571428571427,0.0,824.2857142857142
275.14285714285717,2022-03-27,65.0,175.14285714285714,73.85714285714286,180.71428571428572,37.285714285714285,20.857142857142854,122.42857142857143,19.0,183.14285714285714,46.57142857142857,18.142857142857142,79.28571428571429,193.42857142857142,14.142857142857142,0.0,823.8571428571428
272.14285714285717,2022-04-03,65.28571428571428,169.28571428571428,73.85714285714286,180.71428571428572,37.57142857142857,22.57142857142857,121.57142857142857,19.857142857142858,177.28571428571428,49.42857142857143,20.142857142857142,89.28571428571429,190.71428571428572,13.428571428571429,0.0,815.5714285714284
270.7142857142857,2022-04-10,64.0,171.0,77.42857142857143,179.14285714285714,36.285714285714285,21.142857142857142,120.0,23.571428571428573,179.14285714285714,46.85714285714286,21.285714285714285,74.14285714285714,193.42857142857142,17.0,0.0,825.8571428571428
269.28571428571433,2022-04-17,62.714285714285715,176.28571428571428,79.71428571428572,180.14285714285714,35.0,24.42857142857143,118.14285714285714,22.857142857142858,163.14285714285714,47.85714285714286,26.142857142857142,87.0,202.28571428571428,17.0,0.0,838.1428571428571
268.7142857142857,2022-04-24,65.71428571428572,173.71428571428572,78.28571428571429,180.0,38.0,23.0,122.14285714285714,21.714285714285715,167.85714285714286,54.714285714285715,21.428571428571427,76.14285714285714,195.85714285714286,17.714285714285715,0.0,827.7142857142857
271.7142857142857,2022-05-01,74.28571428571428,170.0,84.0,178.85714285714286,46.57142857142857,23.0,122.14285714285714,29.714285714285715,160.0,50.714285714285715,20.285714285714285,65.0,199.57142857142856,18.571428571428573,0.0,847.2857142857142
275.0,2022-05-08,69.85714285714286,179.42857142857144,98.57142857142858,181.14285714285714,42.142857142857146,22.57142857142857,125.28571428571428,17.142857142857142,181.42857142857144,51.85714285714286,20.0,59.285714285714285,191.14285714285714,11.714285714285714,0.0,825.1428571428571
267.14285714285717,2022-05-15,72.28571428571428,167.85714285714286,81.28571428571429,179.42857142857144,44.57142857142857,17.714285714285715,122.42857142857143,19.285714285714285,160.71428571428572,51.42857142857143,20.0,74.57142857142857,191.14285714285714,13.0,0.0,817.9999999999999
264.0,2022-05-22,71.85714285714286,172.0,79.14285714285714,178.28571428571428,44.142857142857146,19.142857142857142,122.28571428571428,16.285714285714285,164.85714285714286,51.0,21.428571428571427,66.14285714285714,193.42857142857142,14.571428571428571,0.0,810.5714285714284
265.14285714285717,2022-05-29,71.85714285714286,169.42857142857144,80.0,180.28571428571428,44.142857142857146,19.57142857142857,122.42857142857143,20.0,165.85714285714286,57.714285714285715,23.285714285714285,58.0,200.0,15.0,0.0,812.8571428571428
261.42857142857144,2022-06-05,70.42857142857143,167.42857142857144,90.85714285714286,179.0,42.714285714285715,18.0,118.57142857142857,15.428571428571429,172.71428571428572,47.57142857142857,15.428571428571427,59.285714285714285,193.0,10.571428571428571,0.0,811.1428571428571
262.7142857142857,2022-06-12,66.42857142857143,167.57142857142858,83.42857142857143,178.14285714285714,38.714285714285715,18.857142857142858,120.57142857142857,16.428571428571427,269.7142857142857,59.14285714285714,15.142857142857142,61.142857142857146,205.14285714285714,18.0,0.0,811.7142857142857
265.42857142857144,2022-06-19,70.28571428571428,172.14285714285714,82.0,178.42857142857144,42.57142857142857,20.857142857142854,137.42857142857144,16.714285714285715,184.0,55.42857142857143,15.428571428571427,58.142857142857146,203.42857142857142,17.714285714285715,0.0,813.4285714285713
265.5714285714286,2022-06-26,90.71428571428572,181.71428571428572,80.57142857142857,177.28571428571428,63.0,17.714285714285715,124.14285714285714,19.571428571428573,174.28571428571428,57.14285714285714,15.285714285714285,55.142857142857146,236.85714285714283,20.428571428571427,0.0,811.2857142857142
261.28571428571433,2022-07-03,75.71428571428572,166.42857142857144,79.57142857142857,178.85714285714286,48.0,23.42857142857143,126.0,15.714285714285714,167.0,64.42857142857143,15.285714285714285,50.285714285714285,217.85714285714286,40.857142857142854,0.0,815.4285714285713
266.7142857142857,2022-07-10,65.14285714285714,177.42857142857144,76.57142857142857,179.0,37.42857142857143,25.285714285714285,125.0,14.857142857142858,185.42857142857144,56.714285714285715,14.714285714285715,57.42857142857143,212.85714285714286,22.285714285714285,0.0,808.2857142857142
273.8571428571429,2022-07-17,64.42857142857143,170.85714285714286,80.28571428571429,179.71428571428572,36.714285714285715,18.57142857142857,125.71428571428572,16.571428571428573,163.42857142857144,52.285714285714285,14.285714285714285,67.42857142857143,210.85714285714286,21.142857142857142,0.0,815.5714285714284
269.28571428571433,2022-07-24,71.42857142857143,173.42857142857144,74.14285714285714,182.85714285714286,43.714285714285715,19.0,122.28571428571428,17.857142857142858,175.14285714285714,55.285714285714285,13.714285714285715,59.42857142857143,226.14285714285714,19.857142857142858,0.0,821.5714285714284
269.28571428571433,2022-07-31,76.71428571428572,178.85714285714286,74.0,178.0,49.0,20.42857142857143,122.57142857142857,17.571428571428573,183.57142857142856,55.42857142857143,13.428571428571429,67.42857142857143,217.14285714285714,20.714285714285715,0.0,815.1428571428571
274.8571428571429,2022-08-07,64.85714285714286,168.42857142857144,78.85714285714286,181.85714285714286,37.142857142857146,21.0,126.28571428571428,13.714285714285714,162.71428571428572,53.714285714285715,13.857142857142858,64.57142857142857,214.0,19.571428571428573,0.0,815.2857142857142
265.0,2022-08-14,64.28571428571428,173.0,74.57142857142857,180.0,36.57142857142857,19.285714285714285,125.28571428571428,17.571428571428573,170.28571428571428,68.85714285714286,13.857142857142858,60.0,202.0,15.428571428571429,0.0,807.8571428571428
264.7142857142857,2022-08-21,64.14285714285714,172.28571428571428,73.71428571428572,178.57142857142858,36.42857142857143,20.57142857142857,119.85714285714286,13.0,185.42857142857144,65.57142857142857,13.428571428571429,60.714285714285715,203.42857142857142,22.142857142857142,0.0,812.8571428571428
268.7142857142857,2022-08-28,65.57142857142857,173.14285714285714,76.28571428571429,178.57142857142858,37.857142857142854,19.0,121.14285714285714,16.428571428571427,181.57142857142856,50.714285714285715,15.0,70.57142857142857,198.28571428571428,13.714285714285714,0.0,828.7142857142857
265.5714285714286,2022-09-04,69.28571428571428,176.0,74.28571428571429,178.0,41.57142857142857,21.42857142857143,126.42857142857143,21.142857142857142,188.14285714285714,48.57142857142857,15.285714285714285,66.57142857142857,193.14285714285714,12.285714285714286,0.0,816.9999999999999
261.14285714285717,2022-09-11,62.142857142857146,175.85714285714286,74.57142857142857,178.42857142857144,34.42857142857143,23.285714285714285,127.28571428571428,19.714285714285715,175.57142857142858,50.714285714285715,13.285714285714285,61.42857142857143,200.57142857142856,11.571428571428571,0.0,814.8571428571428
264.0,2022-09-18,65.14285714285714,167.28571428571428,76.85714285714286,179.57142857142858,37.42857142857143,23.42857142857143,122.42857142857143,14.142857142857142,176.14285714285714,49.285714285714285,13.428571428571429,64.0,192.14285714285714,13.428571428571429,0.0,816.2857142857142
264.0,2022-09-25,64.85714285714286,173.14285714285714,75.42857142857143,180.0,37.142857142857146,23.142857142857142,133.0,13.285714285714286,164.14285714285714,44.85714285714286,12.285714285714285,75.57142857142857,200.14285714285714,12.285714285714286,0.0,822.1428571428571
265.5714285714286,2022-10-02,60.85714285714286,172.85714285714286,80.71428571428572,182.57142857142858,33.142857142857146,24.714285714285715,125.71428571428572,17.857142857142858,174.71428571428572,37.0,11.857142857142858,65.85714285714286,192.42857142857142,14.0,0.0,824.4285714285713
270.42857142857144,2022-10-09,67.14285714285714,169.71428571428572,77.57142857142857,180.14285714285714,39.42857142857143,27.428571428571427,124.57142857142857,15.142857142857142,176.71428571428572,34.57142857142857,12.428571428571429,54.857142857142854,187.85714285714286,18.285714285714285,0.0,832.4285714285713
265.42857142857144,2022-10-16,62.42857142857143,171.71428571428572,75.57142857142857,182.85714285714286,34.714285714285715,26.857142857142854,123.71428571428572,15.714285714285714,168.57142857142858,32.57142857142857,12.142857142857142,74.42857142857143,192.71428571428572,17.571428571428573,0.0,841.7142857142857
266.8571428571429,2022-10-23,64.0,171.42857142857144,76.85714285714286,181.85714285714286,36.285714285714285,32.57142857142857,122.14285714285714,14.857142857142858,465.8571428571429,32.0,13.571428571428571,67.85714285714286,198.0,11.285714285714286,0.0,819.7142857142857
268.7142857142857,2022-10-30,64.85714285714286,168.0,74.14285714285714,182.42857142857144,37.142857142857146,35.14285714285714,127.85714285714286,14.428571428571429,311.7142857142857,32.85714285714286,15.857142857142858,70.14285714285714,199.0,14.285714285714286,0.0,823.9999999999999
